statecode,year,re_over_te
AK,1960,0.110687892697855
AK,1961,0.101324576717377
AK,1962,0.0945656173473919
AK,1963,0.0964623458929544
AK,1964,0.0952425735008875
AK,1965,0.0970483362003167
AK,1966,0.0810921342187774
AK,1967,0.0734293057340326
AK,1968,0.0692553781869226
AK,1969,0.0539796849961375
AK,1970,0.0485324895766385
AK,1971,0.0452509852314796
AK,1972,0.040455444436152
AK,1973,0.0398233233487333
AK,1974,0.0413360133005782
AK,1975,0.0370737253753456
AK,1976,0.0361285408011811
AK,1977,0.0390042652930515
AK,1978,0.0333552430590915
AK,1979,0.0358026832831858
AK,1980,0.0281345834587178
AK,1981,0.0329528876684116
AK,1982,0.0213776547893769
AK,1983,0.0219154230560944
AK,1984,0.0230939038886059
AK,1985,0.0248356479968974
AK,1986,0.0212330940387895
AK,1987,0.0240456073298639
AK,1988,0.0244743039945992
AK,1989,0.0318330284591648
AK,1990,0.0314287524204608
AK,1991,0.0288006504496731
AK,1992,0.0291755747827376
AK,1993,0.0329500306235991
AK,1994,0.0378555071819552
AK,1995,0.0328642231279379
AK,1996,0.0304884835196634
AK,1997,0.02198433177253
AK,1998,0.0188550121732206
AK,1999,0.0146194799573202
AK,2000,0.0166747963316796
AK,2001,0.0237000896958495
AK,2002,0.0249081480491096
AK,2003,0.0267184730743013
AK,2004,0.0243304199277971
AK,2005,0.0208837908988341
AK,2006,0.0188861018656976
AK,2007,0.0207597191470412
AK,2008,0.0224931236845059
AK,2009,0.0275756415166603
AK,2010,0.0282293435146757
AK,2011,0.027007345055436
AK,2012,0.0301367078314784
AK,2013,0.0329170336190061
AK,2014,0.0360625349226272
AL,1960,0.130136551725729
AL,1961,0.141924831704695
AL,1962,0.142430312778618
AL,1963,0.123346677043892
AL,1964,0.140859476360266
AL,1965,0.116642471417867
AL,1966,0.11137118154243
AL,1967,0.126806801953955
AL,1968,0.104010574872326
AL,1969,0.0981630899753878
AL,1970,0.0950555281687867
AL,1971,0.11420563541153
AL,1972,0.111586014303922
AL,1973,0.118964953963982
AL,1974,0.107720575409054
AL,1975,0.121889668999078
AL,1976,0.103734383688481
AL,1977,0.107626767901971
AL,1978,0.0905277842873045
AL,1979,0.115664776689609
AL,1980,0.145141387112187
AL,1981,0.133000491844054
AL,1982,0.177123513815471
AL,1983,0.195135630047315
AL,1984,0.186527514600026
AL,1985,0.163596178685096
AL,1986,0.143392938903017
AL,1987,0.147535545862123
AL,1988,0.131126034690157
AL,1989,0.180811209649823
AL,1990,0.152076529996524
AL,1991,0.152829852342613
AL,1992,0.146911014590614
AL,1993,0.149216843823306
AL,1994,0.17593819728744
AL,1995,0.163306526228056
AL,1996,0.161456598112346
AL,1997,0.152094367705148
AL,1998,0.157221705616841
AL,1999,0.140788418636937
AL,2000,0.12468917561631
AL,2001,0.13181338289769
AL,2002,0.128142841693862
AL,2003,0.14450503547316
AL,2004,0.140737604950964
AL,2005,0.135484367728479
AL,2006,0.126665921527314
AL,2007,0.109596145513388
AL,2008,0.11834564920453
AL,2009,0.151943710115088
AL,2010,0.131632463932588
AL,2011,0.139715002096885
AL,2012,0.134545856927323
AL,2013,0.165573509988981
AL,2014,0.141440113245645
AR,1960,0.112812936058442
AR,1961,0.118380668009166
AR,1962,0.104189950854416
AR,1963,0.0863697177219026
AR,1964,0.0809796698048847
AR,1965,0.0877378655271926
AR,1966,0.0912629620345231
AR,1967,0.077290962165568
AR,1968,0.102268328071937
AR,1969,0.0951527350190194
AR,1970,0.0802981580209303
AR,1971,0.0764487072108257
AR,1972,0.0723921207425976
AR,1973,0.0996327912981779
AR,1974,0.101861939934028
AR,1975,0.0910883807570404
AR,1976,0.0740719603744736
AR,1977,0.0786744484576668
AR,1978,0.0868856616341781
AR,1979,0.0925399125847086
AR,1980,0.081442498891737
AR,1981,0.0830306023879449
AR,1982,0.0979627057447686
AR,1983,0.119750288042291
AR,1984,0.114685804744057
AR,1985,0.138356329190069
AR,1986,0.120098307007994
AR,1987,0.117738456774362
AR,1988,0.113158914752379
AR,1989,0.135653704284642
AR,1990,0.129131865705383
AR,1991,0.130295224511133
AR,1992,0.129038197200107
AR,1993,0.141004474609986
AR,1994,0.122077148186393
AR,1995,0.114027939464494
AR,1996,0.1126228485407
AR,1997,0.116235042406779
AR,1998,0.105704870765112
AR,1999,0.100332217495219
AR,2000,0.0948632160741735
AR,2001,0.0854538466361186
AR,2002,0.0967766643035522
AR,2003,0.0977456136538155
AR,2004,0.103103530747758
AR,2005,0.100614977564045
AR,2006,0.0897845508036739
AR,2007,0.107218502156595
AR,2008,0.113171136709098
AR,2009,0.124952624029092
AR,2010,0.117292741952755
AR,2011,0.112935439501703
AR,2012,0.110635400255891
AR,2013,0.110943801655908
AR,2014,0.109496603132243
AZ,1960,0.127814183520268
AZ,1961,0.115074145627852
AZ,1962,0.106272388197496
AZ,1963,0.100076648590613
AZ,1964,0.0927002383032592
AZ,1965,0.133496245209911
AZ,1966,0.143891310759134
AZ,1967,0.136121397811848
AZ,1968,0.139108474620858
AZ,1969,0.136169119477162
AZ,1970,0.13243008504702
AZ,1971,0.133764443514222
AZ,1972,0.12196661000013
AZ,1973,0.11840457932113
AZ,1974,0.121324757891624
AZ,1975,0.122562298499503
AZ,1976,0.122019886692103
AZ,1977,0.102419576388052
AZ,1978,0.106773507015743
AZ,1979,0.106051956737047
AZ,1980,0.159039765905169
AZ,1981,0.117497081070105
AZ,1982,0.127207117426282
AZ,1983,0.232173033212805
AZ,1984,0.235248022584089
AZ,1985,0.20361521373786
AZ,1986,0.20527251775149
AZ,1987,0.142184331243735
AZ,1988,0.108937126921036
AZ,1989,0.107667009816342
AZ,1990,0.100978194307623
AZ,1991,0.0940404893611166
AZ,1992,0.0900177254861664
AZ,1993,0.0880418199403497
AZ,1994,0.0904509795084286
AZ,1995,0.0985109786136199
AZ,1996,0.0997353688678504
AZ,1997,0.122859928835363
AZ,1998,0.104879985411643
AZ,1999,0.0919839486000895
AZ,2000,0.0780807065751933
AZ,2001,0.0701518155610004
AZ,2002,0.0670793339565141
AZ,2003,0.0632840352404687
AZ,2004,0.0597504004897562
AZ,2005,0.0648339067134906
AZ,2006,0.0651140232421021
AZ,2007,0.0652033272951854
AZ,2008,0.0764905490671718
AZ,2009,0.0699179096485109
AZ,2010,0.0733955364932192
AZ,2011,0.0917299206144241
AZ,2012,0.0842984040423
AZ,2013,0.0867190852831235
AZ,2014,0.0993483716320233
CA,1960,0.0782734815953986
CA,1961,0.06873358362478
CA,1962,0.0883127799982608
CA,1963,0.0917891513783669
CA,1964,0.0785894236383944
CA,1965,0.0953899572028628
CA,1966,0.0808843814085804
CA,1967,0.0977408106179877
CA,1968,0.0776784852063973
CA,1969,0.101713049508111
CA,1970,0.0949065921588214
CA,1971,0.0928576871009593
CA,1972,0.0804199644172408
CA,1973,0.0914563909708551
CA,1974,0.110877921410029
CA,1975,0.0958770791211519
CA,1976,0.068333587855958
CA,1977,0.0531291665173714
CA,1978,0.0890559590473037
CA,1979,0.0831895957947352
CA,1980,0.0904836188678236
CA,1981,0.0795229566795491
CA,1982,0.115645627174713
CA,1983,0.133094366394347
CA,1984,0.106617221743769
CA,1985,0.0900578487790088
CA,1986,0.102737672079103
CA,1987,0.0755679846731458
CA,1988,0.0721947076938235
CA,1989,0.100016990192172
CA,1990,0.0903960956436222
CA,1991,0.0896276010115694
CA,1992,0.0879005515792238
CA,1993,0.114991331581008
CA,1994,0.0873699203179316
CA,1995,0.117023788005762
CA,1996,0.111111141038913
CA,1997,0.101751639900235
CA,1998,0.106987122767696
CA,1999,0.0973165552489043
CA,2000,0.0935854412414054
CA,2001,0.077300049983814
CA,2002,0.0854414208865542
CA,2003,0.097371530157881
CA,2004,0.0930789016371797
CA,2005,0.100338423373308
CA,2006,0.108341593616265
CA,2007,0.0857259766930679
CA,2008,0.0843983403413224
CA,2009,0.0937257586362678
CA,2010,0.10778159863073
CA,2011,0.122785248771556
CA,2012,0.109021038032074
CA,2013,0.113715798368244
CA,2014,0.115058866820593
CO,1960,0.0398193837577219
CO,1961,0.0334757742246929
CO,1962,0.0365890877271612
CO,1963,0.0373500153390356
CO,1964,0.0358553503046651
CO,1965,0.0321650756721281
CO,1966,0.0326610076804107
CO,1967,0.0304370601990614
CO,1968,0.0276939281447894
CO,1969,0.028016889340915
CO,1970,0.0314731853006103
CO,1971,0.0368881894497408
CO,1972,0.0303202965532558
CO,1973,0.0294537166568168
CO,1974,0.0307495122149506
CO,1975,0.0315171784426986
CO,1976,0.0288608534685285
CO,1977,0.0283229956434449
CO,1978,0.0345600011288354
CO,1979,0.0387371027169692
CO,1980,0.0340960874554742
CO,1981,0.0352165206048246
CO,1982,0.0384528612538491
CO,1983,0.0431180856180856
CO,1984,0.0459058973469602
CO,1985,0.0496770588789839
CO,1986,0.0515350928222718
CO,1987,0.0374424215836806
CO,1988,0.0362984860899719
CO,1989,0.0337301825754157
CO,1990,0.0290552592313101
CO,1991,0.0331569274058773
CO,1992,0.0294628510331664
CO,1993,0.0319846414386385
CO,1994,0.0278107739331322
CO,1995,0.0338718096829316
CO,1996,0.0317309788726028
CO,1997,0.0342298788263889
CO,1998,0.0268417426919178
CO,1999,0.0272362419063856
CO,2000,0.0255709966312317
CO,2001,0.0225121765809239
CO,2002,0.01998030412616
CO,2003,0.0212593640942954
CO,2004,0.0210511008473399
CO,2005,0.0250936377194766
CO,2006,0.0294309175743067
CO,2007,0.0340999319132773
CO,2008,0.0519838974790943
CO,2009,0.0533774041248842
CO,2010,0.0528929726001241
CO,2011,0.0720693395536725
CO,2012,0.0745158355086581
CO,2013,0.0836322546782664
CO,2014,0.0888992991361225
CT,1960,0.0342549460670575
CT,1961,0.0329482044038991
CT,1962,0.0296892290152274
CT,1963,0.0297978520172631
CT,1964,0.0296303786330609
CT,1965,0.0272070155483706
CT,1966,0.0266489258725747
CT,1967,0.0289547637892416
CT,1968,0.0287554117725029
CT,1969,0.0295051474134135
CT,1970,0.0277995515875989
CT,1971,0.0295985750027832
CT,1972,0.031645225697952
CT,1973,0.0294275553330884
CT,1974,0.0315142639531367
CT,1975,0.0322438450752627
CT,1976,0.0321475483823163
CT,1977,0.0322136188569611
CT,1978,0.034322969637223
CT,1979,0.0388463716570606
CT,1980,0.0600680756878624
CT,1981,0.0617335046316655
CT,1982,0.0595288323273375
CT,1983,0.0700066231706396
CT,1984,0.0574862758368034
CT,1985,0.0558531050476471
CT,1986,0.0480555292718204
CT,1987,0.040348202803119
CT,1988,0.0432529257224743
CT,1989,0.0444216569443195
CT,1990,0.0451824518245182
CT,1991,0.0456214105783603
CT,1992,0.0491847083017534
CT,1993,0.0502475780409042
CT,1994,0.0515921458015827
CT,1995,0.0597058682981199
CT,1996,0.0692900408941365
CT,1997,0.0634890407378365
CT,1998,0.0632032232021502
CT,1999,0.0600588929006449
CT,2000,0.0588640545963991
CT,2001,0.0360502605643896
CT,2002,0.0350705072381225
CT,2003,0.0368645269960839
CT,2004,0.0473698065533721
CT,2005,0.0338188230230411
CT,2006,0.0440697489427774
CT,2007,0.0429739868688618
CT,2008,0.0471566248281802
CT,2009,0.0545713794164108
CT,2010,0.0539001529471744
CT,2011,0.0562269154275973
CT,2012,0.0525075894562763
CT,2013,0.054113055884149
CT,2014,0.0584651855486328
DC,1960,0.00129304591564335
DC,1961,0.00137929867316545
DC,1962,0.00137806224524527
DC,1963,0.0012229787796655
DC,1964,0.00104333625669096
DC,1965,0.000753910912860464
DC,1966,0.000654766820428725
DC,1967,0.000614655134565571
DC,1968,0.00065973940293584
DC,1969,0.000552065389078306
DC,1970,0.000548834091825286
DC,1971,0.000581753988274648
DC,1972,0.000624900704337235
DC,1973,0.000589323931721136
DC,1974,0.000753135143971416
DC,1975,0.000802887945035885
DC,1976,0.000887883431851906
DC,1977,0.000967230476330401
DC,1978,0.00120415777586444
DC,1979,0.00137767252068149
DC,1980,0.0185890827471911
DC,1981,0.0154885042070851
DC,1982,0.0223061943337139
DC,1983,0.0157711825311395
DC,1984,0.019314589520069
DC,1985,0.0200501404172743
DC,1986,0.017453175802537
DC,1987,0.0127931402596508
DC,1988,0.0136132955376737
DC,1989,0.0139254319154947
DC,1990,0.00708761462821788
DC,1991,0.00719781981404296
DC,1992,0.00755470603037945
DC,1993,0.0100548493323477
DC,1994,0.00978938000593296
DC,1995,0.00968464695535639
DC,1996,0.0101890895589678
DC,1997,0.00743191459504971
DC,1998,0.00672168058529818
DC,1999,0.00676734232415408
DC,2000,0.00702430211248228
DC,2001,0.00457714394693903
DC,2002,0.00455604506229535
DC,2003,0.00488008628711615
DC,2004,0.0047747001843847
DC,2005,0.00132638849919141
DC,2006,0.00332566294104756
DC,2007,0.00373425253395708
DC,2008,0.00293782408373601
DC,2009,0.00311074668169938
DC,2010,0.00575765369051431
DC,2011,0.00693666148003874
DC,2012,0.00620363892855697
DC,2013,0.00653337890179995
DC,2014,0.00698042240218187
DE,1960,0.0317918152986146
DE,1961,0.0338597155013906
DE,1962,0.0316380420649153
DE,1963,0.0309323600073924
DE,1964,0.0317484096985342
DE,1965,0.0301963820651791
DE,1966,0.0303284720710636
DE,1967,0.0308191619191763
DE,1968,0.0318564575271389
DE,1969,0.0322120814660983
DE,1970,0.0319319246477528
DE,1971,0.0344832235275084
DE,1972,0.0351922035733622
DE,1973,0.0343974665169068
DE,1974,0.0369500698324022
DE,1975,0.0360718606615381
DE,1976,0.0418755285112764
DE,1977,0.0445775204001053
DE,1978,0.0470799569231856
DE,1979,0.0356183947443588
DE,1980,0.0101882686537637
DE,1981,0.0102737972077397
DE,1982,0.0169880279954127
DE,1983,0.0112345928470398
DE,1984,0.0132699831801716
DE,1985,0.0140427748783642
DE,1986,0.0127355970300496
DE,1987,0.00950246132208158
DE,1988,0.00986471251409245
DE,1989,0.0104079158096862
DE,1990,0.00647111097191937
DE,1991,0.0068412305530225
DE,1992,0.00674793455676705
DE,1993,0.00927324824172962
DE,1994,0.0091685097100615
DE,1995,0.00933578667953668
DE,1996,0.00957529349489148
DE,1997,0.00797153127975296
DE,1998,0.00706730558518021
DE,1999,0.0069660548572464
DE,2000,0.0074963059069449
DE,2001,0.00451775834435434
DE,2002,0.0042435973793925
DE,2003,0.00459666486792403
DE,2004,0.00493353527477722
DE,2005,0.0062074846796105
DE,2006,0.0124609836451755
DE,2007,0.0168273975213192
DE,2008,0.0197966863856652
DE,2009,0.0255274399756551
DE,2010,0.0298666730612441
DE,2011,0.0279489888761703
DE,2012,0.0257518412438625
DE,2013,0.0272764471203729
DE,2014,0.0288125015966396
FL,1960,0.0440583031626156
FL,1961,0.0405393308189376
FL,1962,0.0377238094034698
FL,1963,0.0388187393183875
FL,1964,0.0371637582869771
FL,1965,0.0359033032190285
FL,1966,0.0362219091724615
FL,1967,0.0364042861450435
FL,1968,0.0367221297590342
FL,1969,0.0354162296012244
FL,1970,0.0323518840289395
FL,1971,0.0298463244007798
FL,1972,0.0301480268172156
FL,1973,0.0281899496439797
FL,1974,0.027177578251717
FL,1975,0.025777534930114
FL,1976,0.0274021029599819
FL,1977,0.0270345221915491
FL,1978,0.0280806212048497
FL,1979,0.0286522082783869
FL,1980,0.0358409115513695
FL,1981,0.0337154509075997
FL,1982,0.0439203911434169
FL,1983,0.0384847619303372
FL,1984,0.0441681537010205
FL,1985,0.0424147291230049
FL,1986,0.0427258850097459
FL,1987,0.0378944237006569
FL,1988,0.0376186378335451
FL,1989,0.0718506202917963
FL,1990,0.0609780738097727
FL,1991,0.0660023003928657
FL,1992,0.0701670657375901
FL,1993,0.0652995519459485
FL,1994,0.0625782614610886
FL,1995,0.0613770984826836
FL,1996,0.065380418706001
FL,1997,0.0626259382738132
FL,1998,0.0538293099292327
FL,1999,0.0528095839196641
FL,2000,0.0485840990173506
FL,2001,0.0396538902296251
FL,2002,0.0425522431606314
FL,2003,0.0458862461816296
FL,2004,0.0422948563508642
FL,2005,0.0435387389162921
FL,2006,0.0440847148176585
FL,2007,0.0461780636004389
FL,2008,0.0582224889233542
FL,2009,0.0681056504267994
FL,2010,0.0691675502659204
FL,2011,0.0732733404141429
FL,2012,0.0757586472925031
FL,2013,0.0779380169688692
FL,2014,0.076109013800198
GA,1960,0.136860320256798
GA,1961,0.133937294860286
GA,1962,0.126409800217887
GA,1963,0.128382657994254
GA,1964,0.137918330467224
GA,1965,0.117699230752468
GA,1966,0.109654694306083
GA,1967,0.10299739107773
GA,1968,0.0921648884275537
GA,1969,0.0861425538289198
GA,1970,0.076675495644449
GA,1971,0.0808019486102957
GA,1972,0.079915672233265
GA,1973,0.0807532123197751
GA,1974,0.0812770784880903
GA,1975,0.0828292969035733
GA,1976,0.087033599089205
GA,1977,0.0835533851145558
GA,1978,0.0820727208143477
GA,1979,0.0862066673410112
GA,1980,0.0838621367442245
GA,1981,0.0724335188620903
GA,1982,0.0856353591160221
GA,1983,0.0863730026493208
GA,1984,0.0850238913236716
GA,1985,0.0757060859704491
GA,1986,0.0725297987214021
GA,1987,0.0712652686367525
GA,1988,0.0648818712061094
GA,1989,0.0984807974473181
GA,1990,0.105945452849347
GA,1991,0.102449462761336
GA,1992,0.103543859602683
GA,1993,0.0993277797725715
GA,1994,0.0988710800593041
GA,1995,0.0951825153280477
GA,1996,0.092590022633397
GA,1997,0.0953769512514171
GA,1998,0.0921469605053159
GA,1999,0.082460180072697
GA,2000,0.0761074295837242
GA,2001,0.0681326578607402
GA,2002,0.0966841867083949
GA,2003,0.0750249671475994
GA,2004,0.0732984462423112
GA,2005,0.0702554527316257
GA,2006,0.0681793026042142
GA,2007,0.066763137337916
GA,2008,0.067196911029345
GA,2009,0.0755957348073348
GA,2010,0.0767457898729865
GA,2011,0.07971974331819
GA,2012,0.0831543806285188
GA,2013,0.0972239291471628
GA,2014,0.0998849522446589
HI,1960,0.00307838279479205
HI,1961,0.00226769328129944
HI,1962,0.00197588314590143
HI,1963,0.00390173916086363
HI,1964,0.0115726306071379
HI,1965,0.00968688021196272
HI,1966,0.00899625442424659
HI,1967,0.00847633461078429
HI,1968,0.00906450183532913
HI,1969,0.00928807166430929
HI,1970,0.0079145492666731
HI,1971,0.00606049154696054
HI,1972,0.00683668977660394
HI,1973,0.00681102958875289
HI,1974,0.00730653015240008
HI,1975,0.00698599536443298
HI,1976,0.00755610281388724
HI,1977,0.00580645437755238
HI,1978,0.00482325288952092
HI,1979,0.0049011968582471
HI,1980,0.0488005608559149
HI,1981,0.0573671497584541
HI,1982,0.0613046127346109
HI,1983,0.0674054764690735
HI,1984,0.0661371791451903
HI,1985,0.061583955261411
HI,1986,0.0705786922866844
HI,1987,0.0754987753596755
HI,1988,0.0705128205128205
HI,1989,0.0932503494426672
HI,1990,0.0869571980562106
HI,1991,0.0932747458253013
HI,1992,0.0876233418283997
HI,1993,0.0984450280842279
HI,1994,0.0849375194155786
HI,1995,0.0829313449918368
HI,1996,0.0851444607211564
HI,1997,0.0823788256448866
HI,1998,0.0793281181459278
HI,1999,0.0809678592366661
HI,2000,0.0747765041408435
HI,2001,0.0461259594932026
HI,2002,0.037030537030537
HI,2003,0.0446003932300662
HI,2004,0.0441999301387698
HI,2005,0.0439810041457252
HI,2006,0.0475031231959534
HI,2007,0.0503637347975422
HI,2008,0.0705758807099088
HI,2009,0.0725828312436523
HI,2010,0.0684347194349137
HI,2011,0.0752595667907758
HI,2012,0.0835810986861595
HI,2013,0.101279996018896
HI,2014,0.108173367566837
IA,1960,0.0263681682888081
IA,1961,0.0261681838317829
IA,1962,0.0248489207944637
IA,1963,0.0207860646674121
IA,1964,0.019101207444665
IA,1965,0.0217390680880232
IA,1966,0.0214381918370732
IA,1967,0.0190502303870101
IA,1968,0.0207713957268006
IA,1969,0.0185499193534654
IA,1970,0.0188992147658343
IA,1971,0.0186875155758275
IA,1972,0.0190493137936485
IA,1973,0.0173295056351262
IA,1974,0.0178661825453206
IA,1975,0.01806531690421
IA,1976,0.0154936345208012
IA,1977,0.0174162261989453
IA,1978,0.0200242113656373
IA,1979,0.0182207570649069
IA,1980,0.0595090977089058
IA,1981,0.0662091505965179
IA,1982,0.068973586601762
IA,1983,0.0755710890711305
IA,1984,0.0806119324480179
IA,1985,0.0845021357866128
IA,1986,0.110777590518708
IA,1987,0.118666393305292
IA,1988,0.113891726251277
IA,1989,0.0825121189774367
IA,1990,0.0782612005231157
IA,1991,0.0775211085179438
IA,1992,0.0824019175230829
IA,1993,0.0780688659590873
IA,1994,0.0799809352942388
IA,1995,0.0763090812581214
IA,1996,0.0772484211296128
IA,1997,0.070523080609258
IA,1998,0.0690271826254843
IA,1999,0.0706139554574609
IA,2000,0.0677357292148247
IA,2001,0.0658936279737684
IA,2002,0.0713958169336308
IA,2003,0.0788338797381636
IA,2004,0.0894595627426135
IA,2005,0.0977162692688801
IA,2006,0.109108164488155
IA,2007,0.127556496386971
IA,2008,0.147093371971094
IA,2009,0.198899866790435
IA,2010,0.226173528684182
IA,2011,0.23073397586214
IA,2012,0.249133886044472
IA,2013,0.253216535977404
IA,2014,0.263461962513782
ID,1960,0.407406824725076
ID,1961,0.346990576452961
ID,1962,0.350288103253176
ID,1963,0.343224748066557
ID,1964,0.33363272283908
ID,1965,0.339780146767578
ID,1966,0.331989801121877
ID,1967,0.308338237885132
ID,1968,0.28129318837704
ID,1969,0.26579263934169
ID,1970,0.289241699925442
ID,1971,0.287031361814512
ID,1972,0.277725890269895
ID,1973,0.288453378829464
ID,1974,0.320470102547443
ID,1975,0.328822201788849
ID,1976,0.335085413929041
ID,1977,0.234589125202613
ID,1978,0.322554836268296
ID,1979,0.296108352708688
ID,1980,0.326147412982397
ID,1981,0.319650548849392
ID,1982,0.391755166577715
ID,1983,0.440594131003862
ID,1984,0.450310657498306
ID,1985,0.372644447137265
ID,1986,0.427730156735414
ID,1987,0.293602488966066
ID,1988,0.238993487141068
ID,1989,0.312295816010526
ID,1990,0.295256207235073
ID,1991,0.27971147736681
ID,1992,0.226475461349483
ID,1993,0.289101757351388
ID,1994,0.236054124060593
ID,1995,0.300733965526907
ID,1996,0.329722124516356
ID,1997,0.358314801730195
ID,1998,0.316829720380227
ID,1999,0.317206970257405
ID,2000,0.261168505785865
ID,2001,0.208711354090805
ID,2002,0.227967951919823
ID,2003,0.231713598535641
ID,2004,0.223270972741562
ID,2005,0.239259217218914
ID,2006,0.281622624881494
ID,2007,0.235154556566115
ID,2008,0.247017776174198
ID,2009,0.27097741788548
ID,2010,0.250575447570332
ID,2011,0.341091883987326
ID,2012,0.304205187631271
ID,2013,0.265004851760211
ID,2014,0.297452566186158
IL,1960,0.0130659573643012
IL,1961,0.0125812697259221
IL,1962,0.0123557604823198
IL,1963,0.012638412799248
IL,1964,0.012088307626418
IL,1965,0.0115608424143933
IL,1966,0.0116238463144445
IL,1967,0.0112926501567502
IL,1968,0.0115967027806419
IL,1969,0.0114731356567102
IL,1970,0.0111036210881192
IL,1971,0.0109087755390819
IL,1972,0.0105530333802951
IL,1973,0.0109061766939373
IL,1974,0.0111020121133985
IL,1975,0.0111042515217287
IL,1976,0.0118016548321128
IL,1977,0.0125066629165039
IL,1978,0.0149711746894002
IL,1979,0.0159412374994265
IL,1980,0.0244880991486193
IL,1981,0.0282557656148431
IL,1982,0.0319238542738496
IL,1983,0.0363742406028105
IL,1984,0.0355915659450164
IL,1985,0.0379007211052389
IL,1986,0.041313298213102
IL,1987,0.0435967451400215
IL,1988,0.0431697997555184
IL,1989,0.0364059921861468
IL,1990,0.0287559331102035
IL,1991,0.0298841499496728
IL,1992,0.0316845098718297
IL,1993,0.0263221751006075
IL,1994,0.0269207870405334
IL,1995,0.025372204833996
IL,1996,0.0211840573338046
IL,1997,0.0232786367109623
IL,1998,0.0238949462361098
IL,1999,0.0234715798146014
IL,2000,0.0243200357681998
IL,2001,0.0258956670831284
IL,2002,0.0285064496386911
IL,2003,0.0322832388192255
IL,2004,0.0317092250027488
IL,2005,0.0261668953661591
IL,2006,0.0261134240139011
IL,2007,0.0301806749298389
IL,2008,0.0377357334947661
IL,2009,0.0464015001979054
IL,2010,0.0496653553609765
IL,2011,0.0507830118528572
IL,2012,0.0553959943432184
IL,2013,0.0585739882022175
IL,2014,0.0595431378025403
IN,1960,0.0160384881915684
IN,1961,0.0155955657783057
IN,1962,0.0152309137789535
IN,1963,0.0146767531772019
IN,1964,0.0135058563463767
IN,1965,0.0128177906042149
IN,1966,0.012663086387091
IN,1967,0.0140168747537967
IN,1968,0.0140328848179914
IN,1969,0.013893498782679
IN,1970,0.0128359156975762
IN,1971,0.0121432180690513
IN,1972,0.0126543150327565
IN,1973,0.0129723133123607
IN,1974,0.0131631853453131
IN,1975,0.0131787916567678
IN,1976,0.014940868653418
IN,1977,0.0155908103980024
IN,1978,0.0180630143478228
IN,1979,0.0200516041321972
IN,1980,0.023387912766772
IN,1981,0.0250807014510369
IN,1982,0.0271347337448734
IN,1983,0.0309018424640677
IN,1984,0.0286654869843825
IN,1985,0.0302706803375488
IN,1986,0.0318064909582648
IN,1987,0.0322387849071851
IN,1988,0.0322521441996933
IN,1989,0.0278008290513579
IN,1990,0.0243989043522988
IN,1991,0.0250132326974904
IN,1992,0.0256204222029027
IN,1993,0.0208644465204959
IN,1994,0.0202789471746041
IN,1995,0.0208870853172876
IN,1996,0.018394603046109
IN,1997,0.0175388487532044
IN,1998,0.0166625495920353
IN,1999,0.0170859852206228
IN,2000,0.0169748226790829
IN,2001,0.0191659431852379
IN,2002,0.0193474527761878
IN,2003,0.0195539446810785
IN,2004,0.0197881207105059
IN,2005,0.0214646750909674
IN,2006,0.0188216333492586
IN,2007,0.0223212354105596
IN,2008,0.0335462656528904
IN,2009,0.0431827979175341
IN,2010,0.0475805651750579
IN,2011,0.0513562855701836
IN,2012,0.0518371154280731
IN,2013,0.0519278946401157
IN,2014,0.05306911172283
KS,1960,0.00652584061944045
KS,1961,0.00623188429225678
KS,1962,0.00573480511038328
KS,1963,0.00591952070273657
KS,1964,0.00558708492247425
KS,1965,0.00483179845365879
KS,1966,0.00461863841126168
KS,1967,0.00463233839723028
KS,1968,0.00435673044950274
KS,1969,0.00390712943914825
KS,1970,0.00426572370918972
KS,1971,0.00433840195773003
KS,1972,0.00593125486296326
KS,1973,0.00623979605561292
KS,1974,0.00616198466952386
KS,1975,0.00628059371119212
KS,1976,0.00670786359786532
KS,1977,0.00698053965724858
KS,1978,0.00726723872879224
KS,1979,0.00699873584892335
KS,1980,0.00888589911062788
KS,1981,0.00894918072217979
KS,1982,0.0109835985870983
KS,1983,0.0116580522440145
KS,1984,0.0143888136680004
KS,1985,0.0146309441906951
KS,1986,0.0223576694245703
KS,1987,0.0201713041888121
KS,1988,0.0202775978601521
KS,1989,0.0169575897515427
KS,1990,0.0130056936244908
KS,1991,0.0134844486333648
KS,1992,0.013596724343089
KS,1993,0.0125601916093756
KS,1994,0.0118809705622509
KS,1995,0.01215332522486
KS,1996,0.0107623735811244
KS,1997,0.00953610194443984
KS,1998,0.00921592037206392
KS,1999,0.00928033491177095
KS,2000,0.00901917187603684
KS,2001,0.0104010739545057
KS,2002,0.018007840562322
KS,2003,0.0194578815531461
KS,2004,0.0176517037987118
KS,2005,0.0217166799726386
KS,2006,0.0258594053728551
KS,2007,0.0305648224593514
KS,2008,0.0516595565245087
KS,2009,0.0606126293609818
KS,2010,0.0658929467776037
KS,2011,0.0710254760178596
KS,2012,0.0828139311069474
KS,2013,0.11947410329726
KS,2014,0.132637850000971
KY,1960,0.0615785393008941
KY,1961,0.0593318218240315
KY,1962,0.0613954654536337
KY,1963,0.0535001444552239
KY,1964,0.0527379499694936
KY,1965,0.05264927820612
KY,1966,0.0543490480567661
KY,1967,0.0640031271647284
KY,1968,0.0525978039396601
KY,1969,0.0478020785699052
KY,1970,0.0515956532360951
KY,1971,0.055369288074658
KY,1972,0.0553010628876582
KY,1973,0.0546418373761188
KY,1974,0.054243187565293
KY,1975,0.0522675159932798
KY,1976,0.0486101049924027
KY,1977,0.0453328508383821
KY,1978,0.050327958946249
KY,1979,0.0575752819257104
KY,1980,0.0407815278425138
KY,1981,0.0424969162982019
KY,1982,0.0550541544836238
KY,1983,0.0515115950414453
KY,1984,0.056156655124392
KY,1985,0.0550057097921997
KY,1986,0.0527341879051546
KY,1987,0.0498189924846663
KY,1988,0.0436618527650581
KY,1989,0.0510700434218599
KY,1990,0.0364991048008515
KY,1991,0.040007800757884
KY,1992,0.039613184122963
KY,1993,0.0315471317927083
KY,1994,0.0351935507734144
KY,1995,0.0303110320890289
KY,1996,0.0322920072215541
KY,1997,0.028034138061327
KY,1998,0.0259339311392471
KY,1999,0.0216822019464378
KY,2000,0.0205307579451589
KY,2001,0.0297586634799203
KY,2002,0.0333564540721572
KY,2003,0.037423285186572
KY,2004,0.036330131390875
KY,2005,0.0375051295055207
KY,2006,0.0350131500032419
KY,2007,0.0315715646096803
KY,2008,0.0350211148963914
KY,2009,0.0434315637496517
KY,2010,0.0398442882002621
KY,2011,0.0436899172344799
KY,2012,0.0401700202784826
KY,2013,0.0485725690060025
KY,2014,0.050821096930607
LA,1960,0.0258294956518053
LA,1961,0.0236373127960307
LA,1962,0.0231526064226847
LA,1963,0.0222872895212676
LA,1964,0.0209392191879158
LA,1965,0.0207770606581238
LA,1966,0.0200285964465036
LA,1967,0.0168362653647396
LA,1968,0.0168247913554287
LA,1969,0.0150475741157175
LA,1970,0.0146512100273135
LA,1971,0.0144443150150984
LA,1972,0.0145118618175719
LA,1973,0.0137662866804827
LA,1974,0.0131597292601284
LA,1975,0.0136058354958832
LA,1976,0.0127545509915202
LA,1977,0.011842138300816
LA,1978,0.0116586342150747
LA,1979,0.0110386043819189
LA,1980,0.0165312713803881
LA,1981,0.0171944634548068
LA,1982,0.01909837112691
LA,1983,0.0216837164450486
LA,1984,0.0219936058479953
LA,1985,0.0236946769325781
LA,1986,0.0291820178571378
LA,1987,0.0286344136906338
LA,1988,0.0290044606678553
LA,1989,0.0344904452844947
LA,1990,0.0325315837599448
LA,1991,0.033298423549002
LA,1992,0.033175102107301
LA,1993,0.0342701181435038
LA,1994,0.0355716523241868
LA,1995,0.0361660783261038
LA,1996,0.034772867774917
LA,1997,0.033292389494447
LA,1998,0.0349028220611592
LA,1999,0.0351194831783857
LA,2000,0.0312826673739722
LA,2001,0.0338971314592978
LA,2002,0.0347146866658425
LA,2003,0.0382433949481514
LA,2004,0.0452294236276397
LA,2005,0.037558416558877
LA,2006,0.0353036608424954
LA,2007,0.035056937973338
LA,2008,0.0267412141026807
LA,2009,0.0290702647670393
LA,2010,0.0284824196866311
LA,2011,0.0286898646051475
LA,2012,0.0287533186170864
LA,2013,0.0330334731124223
LA,2014,0.0369461633207873
MA,1960,0.0506098816092641
MA,1961,0.0488573804096432
MA,1962,0.0481911892585535
MA,1963,0.0487005225231379
MA,1964,0.0483565316325018
MA,1965,0.0446732691075463
MA,1966,0.0465628109622142
MA,1967,0.0438617123127606
MA,1968,0.0452088820554932
MA,1969,0.046070058775672
MA,1970,0.0444149602680617
MA,1971,0.0409992663282137
MA,1972,0.0383448762821338
MA,1973,0.0357230469639109
MA,1974,0.0386125277345993
MA,1975,0.0375414487162338
MA,1976,0.0403531753230815
MA,1977,0.042613854193991
MA,1978,0.0459826578991353
MA,1979,0.0567769682575344
MA,1980,0.0581434984268091
MA,1981,0.0602077792197752
MA,1982,0.0539589053407511
MA,1983,0.0637901732161785
MA,1984,0.0503221353324347
MA,1985,0.0498228686000149
MA,1986,0.0503428623475987
MA,1987,0.042902613245874
MA,1988,0.0433190816228595
MA,1989,0.0457829311433813
MA,1990,0.0463890375671451
MA,1991,0.0487470412132545
MA,1992,0.0477779337049054
MA,1993,0.048559059953187
MA,1994,0.0509971424942409
MA,1995,0.0509211587501132
MA,1996,0.0540993172747828
MA,1997,0.0501029593539197
MA,1998,0.0466658093947168
MA,1999,0.0443356925967932
MA,2000,0.0456400534870044
MA,2001,0.0316172827794116
MA,2002,0.0305056035823286
MA,2003,0.0336396090829547
MA,2004,0.0345571907185177
MA,2005,0.0314442724468582
MA,2006,0.0437161470929713
MA,2007,0.0407459850972953
MA,2008,0.0420586692344835
MA,2009,0.0501336262286603
MA,2010,0.0504703347670641
MA,2011,0.0525772207128154
MA,2012,0.0527506414666958
MA,2013,0.0564072658640622
MA,2014,0.0609832781503019
MD,1960,0.0551308689561027
MD,1961,0.0510304514215758
MD,1962,0.0480988001352036
MD,1963,0.0457247718726304
MD,1964,0.0454421322846687
MD,1965,0.045368239790431
MD,1966,0.0467584592353038
MD,1967,0.0540662754234372
MD,1968,0.0492783983901344
MD,1969,0.0444479817501069
MD,1970,0.0484841107844422
MD,1971,0.0445998785055275
MD,1972,0.0499780020911372
MD,1973,0.0453279503013548
MD,1974,0.0466377894216686
MD,1975,0.0522068263272609
MD,1976,0.0490959065407212
MD,1977,0.0527174687402375
MD,1978,0.0513105163437858
MD,1979,0.0543965686917727
MD,1980,0.0396176824049177
MD,1981,0.0398297330837347
MD,1982,0.046812344182637
MD,1983,0.0464838785680627
MD,1984,0.0503861180316156
MD,1985,0.0475392525740983
MD,1986,0.0462153463127682
MD,1987,0.0382278138506479
MD,1988,0.0358898614886209
MD,1989,0.0420141339545084
MD,1990,0.0398323677192806
MD,1991,0.0329373829338265
MD,1992,0.0372445734705131
MD,1993,0.03784957439109
MD,1994,0.0404557464933034
MD,1995,0.0392658787905292
MD,1996,0.0485229903584093
MD,1997,0.0390214406584391
MD,1998,0.0385435116738637
MD,1999,0.0362311875841437
MD,2000,0.0374895410241208
MD,2001,0.023198061274004
MD,2002,0.027059236168828
MD,2003,0.0345109069683267
MD,2004,0.0344496694942944
MD,2005,0.0307275337949058
MD,2006,0.0403181578162261
MD,2007,0.0385053908874557
MD,2008,0.0409302110134052
MD,2009,0.0457435515743593
MD,2010,0.0470016107853654
MD,2011,0.0557520077843309
MD,2012,0.0519012129183107
MD,2013,0.0557794952724324
MD,2014,0.0550701335271531
ME,1960,0.257307021885558
ME,1961,0.231003225674738
ME,1962,0.23399462004035
ME,1963,0.24384122198108
ME,1964,0.23042826305469
ME,1965,0.222534677513124
ME,1966,0.228454009979411
ME,1967,0.227154850165099
ME,1968,0.22064978115701
ME,1969,0.213871950161987
ME,1970,0.196498607776609
ME,1971,0.156745459379048
ME,1972,0.157402783107891
ME,1973,0.170592752288494
ME,1974,0.181313146987707
ME,1975,0.186103026103026
ME,1976,0.184169112218652
ME,1977,0.183144617958447
ME,1978,0.194686285469174
ME,1979,0.211463048416282
ME,1980,0.317419219581226
ME,1981,0.341086473219213
ME,1982,0.297578292799595
ME,1983,0.358134712909008
ME,1984,0.333071967297372
ME,1985,0.321240170960353
ME,1986,0.276264241207749
ME,1987,0.268636906094692
ME,1988,0.243451625877912
ME,1989,0.322368256247965
ME,1990,0.331598410577489
ME,1991,0.341781725480139
ME,1992,0.331238063103874
ME,1993,0.326104886366917
ME,1994,0.322435251280574
ME,1995,0.345032575734831
ME,1996,0.347345900192138
ME,1997,0.334951185033251
ME,1998,0.333373743607829
ME,1999,0.350371630618753
ME,2000,0.332537841933819
ME,2001,0.328303861843406
ME,2002,0.31446452130245
ME,2003,0.293971707605275
ME,2004,0.296005107230193
ME,2005,0.348835942284181
ME,2006,0.339157396071752
ME,2007,0.347259893902737
ME,2008,0.409805376079781
ME,2009,0.37128819455364
ME,2010,0.377776974690711
ME,2011,0.385981400990111
ME,2012,0.393914979858383
ME,2013,0.393472186634455
ME,2014,0.383143741017709
MI,1960,0.0319143421217475
MI,1961,0.0294155726869782
MI,1962,0.0270703708759175
MI,1963,0.0247839233991807
MI,1964,0.0246509698474199
MI,1965,0.0245139171710646
MI,1966,0.023380591245732
MI,1967,0.0226982397512865
MI,1968,0.0214360314110938
MI,1969,0.0207086525478401
MI,1970,0.0200951977106371
MI,1971,0.0192834876381623
MI,1972,0.0189211162862727
MI,1973,0.0154305709262231
MI,1974,0.0173456288069038
MI,1975,0.0165598396845054
MI,1976,0.017586499937671
MI,1977,0.0190432141301004
MI,1978,0.0225203794651656
MI,1979,0.0252678144812893
MI,1980,0.0364781143350751
MI,1981,0.040726097718544
MI,1982,0.0432119395420113
MI,1983,0.0485144941904271
MI,1984,0.0441823657841435
MI,1985,0.0433374918991442
MI,1986,0.0437263396520574
MI,1987,0.0439904943145776
MI,1988,0.0435717416645248
MI,1989,0.0407036854746831
MI,1990,0.0355483834827535
MI,1991,0.0394851668819285
MI,1992,0.0396468921855112
MI,1993,0.0371753075480315
MI,1994,0.0378973513505614
MI,1995,0.036655620528481
MI,1996,0.0400790581155214
MI,1997,0.0374221038099785
MI,1998,0.0358425746931515
MI,1999,0.0347404519330917
MI,2000,0.0369723527965923
MI,2001,0.032099381024571
MI,2002,0.0316735410278839
MI,2003,0.0354178965202626
MI,2004,0.0375668439416828
MI,2005,0.0408874659083371
MI,2006,0.0427108259985721
MI,2007,0.0461918273937085
MI,2008,0.0540206547444998
MI,2009,0.0553195141042249
MI,2010,0.054750328305132
MI,2011,0.0589351905707716
MI,2012,0.0630374496916954
MI,2013,0.0687672224330741
MI,2014,0.072393677014107
MN,1960,0.0483277388529748
MN,1961,0.0445815894699708
MN,1962,0.0448306885895714
MN,1963,0.0416633910402058
MN,1964,0.0406836220551538
MN,1965,0.0401862249023821
MN,1966,0.0379753422073635
MN,1967,0.0348440115856204
MN,1968,0.034117555695185
MN,1969,0.0315997086800767
MN,1970,0.0296236527113648
MN,1971,0.0293995246345519
MN,1972,0.0295028771400847
MN,1973,0.0289802992479051
MN,1974,0.0290046756193156
MN,1975,0.0296486916107579
MN,1976,0.0275415573594362
MN,1977,0.0292046088013824
MN,1978,0.0371897553280245
MN,1979,0.0399338519470964
MN,1980,0.0447423237690227
MN,1981,0.0481130199667928
MN,1982,0.0496463514124475
MN,1983,0.0526350705647024
MN,1984,0.0527336480323325
MN,1985,0.054630719221702
MN,1986,0.0533141175687029
MN,1987,0.0483432686876144
MN,1988,0.0453317397431074
MN,1989,0.0461968109928136
MN,1990,0.0435240039399866
MN,1991,0.0459924202788009
MN,1992,0.0503752336104979
MN,1993,0.0524993198786865
MN,1994,0.0534493881682813
MN,1995,0.0532190121155638
MN,1996,0.0507748959772308
MN,1997,0.0545316781029508
MN,1998,0.0540092585192517
MN,1999,0.0581326600067419
MN,2000,0.0597802556829541
MN,2001,0.0627007116609157
MN,2002,0.0581650447836706
MN,2003,0.0576397464902172
MN,2004,0.0614900578097907
MN,2005,0.0662242821650772
MN,2006,0.0697336881466208
MN,2007,0.0794329316608056
MN,2008,0.092709837926115
MN,2009,0.112719139742599
MN,2010,0.118197507397306
MN,2011,0.123817978558951
MN,2012,0.126765540221458
MN,2013,0.125798895641096
MN,2014,0.137084774837676
MO,1960,0.0460469224829027
MO,1961,0.0501411290098273
MO,1962,0.0428094961992861
MO,1963,0.0348880092702215
MO,1964,0.0315632229680082
MO,1965,0.0339393474603487
MO,1966,0.0299416134003459
MO,1967,0.0278655868214617
MO,1968,0.0322684241507104
MO,1969,0.0312886654140982
MO,1970,0.0254666738968884
MO,1971,0.02291595698821
MO,1972,0.0212171280877047
MO,1973,0.0308760271862972
MO,1974,0.0314698209627274
MO,1975,0.0286078737838787
MO,1976,0.0268634629182702
MO,1977,0.0252205076240557
MO,1978,0.0319046887819909
MO,1979,0.0365451804001808
MO,1980,0.0217015627514602
MO,1981,0.0223679698468014
MO,1982,0.0322649789103871
MO,1983,0.0322983277297998
MO,1984,0.03408272522972
MO,1985,0.0444838642680953
MO,1986,0.0351048286452788
MO,1987,0.0286389343314309
MO,1988,0.0294548905755547
MO,1989,0.0250270674613069
MO,1990,0.0290848111529521
MO,1991,0.0214336275953342
MO,1992,0.0246018695828958
MO,1993,0.0324979676038837
MO,1994,0.0238315423059363
MO,1995,0.0226489449063557
MO,1996,0.0179319764843905
MO,1997,0.0176881806918468
MO,1998,0.0209495238619475
MO,1999,0.0182659026788052
MO,2000,0.0129653898270187
MO,2001,0.0180881178459014
MO,2002,0.0204904127675119
MO,2003,0.0187143324900825
MO,2004,0.0236505739421508
MO,2005,0.0278559317774562
MO,2006,0.0220243264253126
MO,2007,0.0306425535578786
MO,2008,0.0425954895393627
MO,2009,0.0492597666439971
MO,2010,0.0490457995289191
MO,2011,0.0482104287968803
MO,2012,0.0459337881836925
MO,2013,0.0512420527998285
MO,2014,0.0495834994450686
MS,1960,0.114876599859873
MS,1961,0.110570385048762
MS,1962,0.10181949962051
MS,1963,0.0826420813123446
MS,1964,0.0748242657304552
MS,1965,0.073743293889261
MS,1966,0.0667160650647472
MS,1967,0.0590706896551724
MS,1968,0.054914194634667
MS,1969,0.0505302102298527
MS,1970,0.0448781101586469
MS,1971,0.0417684667852869
MS,1972,0.0390303546693335
MS,1973,0.0379570287999472
MS,1974,0.038258965702823
MS,1975,0.0403383281451517
MS,1976,0.0446839692618848
MS,1977,0.0442076723434215
MS,1978,0.0442282363437552
MS,1979,0.0427271567474963
MS,1980,0.0456699992807308
MS,1981,0.0502025459426026
MS,1982,0.0548100439040201
MS,1983,0.05495726183073
MS,1984,0.0587523792338721
MS,1985,0.0607717191546985
MS,1986,0.0581156477291118
MS,1987,0.0522943740879357
MS,1988,0.0516623661912898
MS,1989,0.0796292590600781
MS,1990,0.0824753088159407
MS,1991,0.0848516447056593
MS,1992,0.0841311419531244
MS,1993,0.0853704026975129
MS,1994,0.0864029463202308
MS,1995,0.0835906896499806
MS,1996,0.0742637488818439
MS,1997,0.0730891190928112
MS,1998,0.0560331015792052
MS,1999,0.0525246627694397
MS,2000,0.0604285061598762
MS,2001,0.0493986568314434
MS,2002,0.0421564123315276
MS,2003,0.0374808553969803
MS,2004,0.0505123557479008
MS,2005,0.0537485685136336
MS,2006,0.0521004342939693
MS,2007,0.0521820749096073
MS,2008,0.0427649880198712
MS,2009,0.0505836890731823
MS,2010,0.0613007591583023
MS,2011,0.0625605821424615
MS,2012,0.0744931103955126
MS,2013,0.0625638628653966
MS,2014,0.0631621852470125
MT,1960,0.307412340274023
MT,1961,0.316680870076037
MT,1962,0.301603985196461
MT,1963,0.278859364668338
MT,1964,0.300828106346289
MT,1965,0.368917525175854
MT,1966,0.32766144214272
MT,1967,0.376996105721594
MT,1968,0.358847563497383
MT,1969,0.337691962623958
MT,1970,0.304823420074349
MT,1971,0.321155009372548
MT,1972,0.304747552627275
MT,1973,0.243430816488536
MT,1974,0.302799473802346
MT,1975,0.32426133830503
MT,1976,0.371966281980359
MT,1977,0.269526111891094
MT,1978,0.344795386312832
MT,1979,0.300611767075351
MT,1980,0.318094894461483
MT,1981,0.388438648150949
MT,1982,0.399563490937075
MT,1983,0.419392631702597
MT,1984,0.362897304393294
MT,1985,0.326346149172151
MT,1986,0.379422899680964
MT,1987,0.337104718178561
MT,1988,0.303413315704645
MT,1989,0.314845761642481
MT,1990,0.35496948649263
MT,1991,0.403662540114007
MT,1992,0.27680374398752
MT,1993,0.299093929077936
MT,1994,0.256024178101889
MT,1995,0.328125764084244
MT,1996,0.401663600938468
MT,1997,0.419357574762647
MT,1998,0.330563264506786
MT,1999,0.399177843988652
MT,2000,0.279244857042594
MT,2001,0.226631410643685
MT,2002,0.286779852350445
MT,2003,0.266349725703771
MT,2004,0.254653420693284
MT,2005,0.273832080863549
MT,2006,0.280763030628694
MT,2007,0.254309464656434
MT,2008,0.274447880486999
MT,2009,0.272519159016324
MT,2010,0.289057140362475
MT,2011,0.35467186936909
MT,2012,0.321863217798263
MT,2013,0.290032369794104
MT,2014,0.340219013201271
NC,1960,0.15422921678841
NC,1961,0.140466117722366
NC,1962,0.141078268418785
NC,1963,0.125190368764583
NC,1964,0.136178565558901
NC,1965,0.123504133024127
NC,1966,0.104892089630972
NC,1967,0.104229329832544
NC,1968,0.0967199945177747
NC,1969,0.0932721796083653
NC,1970,0.0832543332154227
NC,1971,0.0912691488369145
NC,1972,0.0916990216501447
NC,1973,0.0920408801281452
NC,1974,0.0929385551175887
NC,1975,0.0958263573881513
NC,1976,0.0878625686842264
NC,1977,0.0896813654403207
NC,1978,0.0955464060848316
NC,1979,0.1107110175484
NC,1980,0.0814878014122314
NC,1981,0.0664317344939244
NC,1982,0.090023246146678
NC,1983,0.0896474017420557
NC,1984,0.0889401809749187
NC,1985,0.0765291930275875
NC,1986,0.0606866711303818
NC,1987,0.0685869124169022
NC,1988,0.0563885949453004
NC,1989,0.081199720850988
NC,1990,0.0820772890458539
NC,1991,0.0676520222552476
NC,1992,0.0751004768336406
NC,1993,0.0710572345753164
NC,1994,0.0836580372400383
NC,1995,0.0715861982400076
NC,1996,0.0712369490300785
NC,1997,0.0691979373159756
NC,1998,0.0661158030372533
NC,1999,0.0576383385992766
NC,2000,0.0538729639706501
NC,2001,0.0519959403800492
NC,2002,0.0511184780849898
NC,2003,0.0732741462006501
NC,2004,0.0556840381602766
NC,2005,0.0550391625025477
NC,2006,0.0532628062275902
NC,2007,0.0436127661347444
NC,2008,0.0618536054462061
NC,2009,0.0702760267468081
NC,2010,0.0680224761696222
NC,2011,0.0707646420654746
NC,2012,0.0731461552723433
NC,2013,0.0870831948642423
NC,2014,0.0785693148831835
ND,1960,0.0744794899283417
ND,1961,0.099566736186891
ND,1962,0.0851912468933746
ND,1963,0.0932009838369642
ND,1964,0.116289474448738
ND,1965,0.155987444538846
ND,1966,0.112903671677604
ND,1967,0.158039457193483
ND,1968,0.13719801227224
ND,1969,0.161346606222056
ND,1970,0.156555588692335
ND,1971,0.175536953127
ND,1972,0.159535728307813
ND,1973,0.124302083487876
ND,1974,0.141515757952371
ND,1975,0.170736313060151
ND,1976,0.163509192076141
ND,1977,0.101427437409983
ND,1978,0.138938153113209
ND,1979,0.121336100073089
ND,1980,0.128369387351423
ND,1981,0.109939421135293
ND,1982,0.127161056473905
ND,1983,0.123173006028538
ND,1984,0.111014807624154
ND,1985,0.0906119895233943
ND,1986,0.0954526914119551
ND,1987,0.0826761000270593
ND,1988,0.0778116591928251
ND,1989,0.0758575962553693
ND,1990,0.0676923667688527
ND,1991,0.0685810171615381
ND,1992,0.0650794133755249
ND,1993,0.0550435760387557
ND,1994,0.0687912338907809
ND,1995,0.0855430231760049
ND,1996,0.102382816045013
ND,1997,0.104911000306415
ND,1998,0.0787178142806935
ND,1999,0.081891306204364
ND,2000,0.06866464837955
ND,2001,0.0479069744568264
ND,2002,0.0542825089138251
ND,2003,0.060503003003003
ND,2004,0.0597204070143764
ND,2005,0.0554926914334979
ND,2006,0.0609207822404029
ND,2007,0.0721644535777065
ND,2008,0.0963942535104672
ND,2009,0.145996351756808
ND,2010,0.180848695155355
ND,2011,0.196948768987414
ND,2012,0.18142727302354
ND,2013,0.163826734114013
ND,2014,0.173085245158922
NE,1960,0.0435887945141432
NE,1961,0.0407281037246282
NE,1962,0.0396091901381574
NE,1963,0.0393843638197372
NE,1964,0.0368691334414359
NE,1965,0.0388942259438223
NE,1966,0.0358450098249489
NE,1967,0.0360272664029322
NE,1968,0.03480379402512
NE,1969,0.0318713565723159
NE,1970,0.0327160025352338
NE,1971,0.0319311439994841
NE,1972,0.0330101393050642
NE,1973,0.0323843845683965
NE,1974,0.0311584199648333
NE,1975,0.0292845732542218
NE,1976,0.0295047532233105
NE,1977,0.0289611601694307
NE,1978,0.0289036855072151
NE,1979,0.0308613567482632
NE,1980,0.038983181136382
NE,1981,0.0379039312275826
NE,1982,0.0400894442029839
NE,1983,0.0427642105137628
NE,1984,0.045110897046167
NE,1985,0.0492564145121651
NE,1986,0.0552033480431765
NE,1987,0.0500706797150226
NE,1988,0.042897545776187
NE,1989,0.0413142990872923
NE,1990,0.03749740724601
NE,1991,0.0363350844067226
NE,1992,0.0403746399896103
NE,1993,0.0378098323329629
NE,1994,0.0429733474497451
NE,1995,0.055316843118702
NE,1996,0.0605343546326332
NE,1997,0.0647194646120413
NE,1998,0.0642148260302878
NE,1999,0.0681528263463357
NE,2000,0.0665616396404907
NE,2001,0.0663572411683744
NE,2002,0.0664364418692409
NE,2003,0.0675614110328391
NE,2004,0.0758851298190401
NE,2005,0.0742329131144045
NE,2006,0.0769744066221809
NE,2007,0.0837329890551756
NE,2008,0.105712182017847
NE,2009,0.110666586258707
NE,2010,0.148723018887215
NE,2011,0.166644448952386
NE,2012,0.155321787981955
NE,2013,0.156321008470834
NE,2014,0.162791101259101
NH,1960,0.228477441095451
NH,1961,0.19447107568924
NH,1962,0.195861176305468
NH,1963,0.182847485005758
NH,1964,0.178087439903846
NH,1965,0.167717806925339
NH,1966,0.16810999696141
NH,1967,0.161094875378679
NH,1968,0.157739289655864
NH,1969,0.157839187425523
NH,1970,0.135681407772973
NH,1971,0.122998960628198
NH,1972,0.123061490715406
NH,1973,0.141563470707425
NH,1974,0.138922376020954
NH,1975,0.128018737589566
NH,1976,0.136751007465152
NH,1977,0.13568183691799
NH,1978,0.132875045000257
NH,1979,0.159125728678016
NH,1980,0.155449518030646
NH,1981,0.180074868979286
NH,1982,0.167616654915941
NH,1983,0.186757970780728
NH,1984,0.156042153313957
NH,1985,0.1447589278068
NH,1986,0.153523649505453
NH,1987,0.128002956306666
NH,1988,0.13359382710183
NH,1989,0.148695110329155
NH,1990,0.175072442093062
NH,1991,0.162136873114238
NH,1992,0.161378007845056
NH,1993,0.16230270402545
NH,1994,0.152488513390968
NH,1995,0.14763060378191
NH,1996,0.170260677482655
NH,1997,0.151379973291994
NH,1998,0.143810789263885
NH,1999,0.133179529483445
NH,2000,0.124750076713125
NH,2001,0.0985248041775457
NH,2002,0.0913773640390958
NH,2003,0.0917529607396547
NH,2004,0.105238577334249
NH,2005,0.130673655780015
NH,2006,0.117495373105585
NH,2007,0.12413764119408
NH,2008,0.144480116092994
NH,2009,0.167262924603268
NH,2010,0.165760528129913
NH,2011,0.171254595039235
NH,2012,0.175050089634082
NH,2013,0.190570634863301
NH,2014,0.195426611036235
NJ,1960,0.0157458194596038
NJ,1961,0.0152268133990674
NJ,1962,0.0145013588824671
NJ,1963,0.0155738397832163
NJ,1964,0.0155541107292642
NJ,1965,0.0150815055662105
NJ,1966,0.0141209597699428
NJ,1967,0.0133982844315271
NJ,1968,0.0134023563556105
NJ,1969,0.0133681183506081
NJ,1970,0.0130942013199335
NJ,1971,0.0135040673006881
NJ,1972,0.0142043993553854
NJ,1973,0.0142689097561768
NJ,1974,0.0166965651396585
NJ,1975,0.0164238466824626
NJ,1976,0.0169418042193498
NJ,1977,0.0191934753148782
NJ,1978,0.0206119975262832
NJ,1979,0.0211970497932229
NJ,1980,0.0236833500415094
NJ,1981,0.0268545057751546
NJ,1982,0.0238240358868573
NJ,1983,0.0288802371409006
NJ,1984,0.0223321281901488
NJ,1985,0.0232367252787958
NJ,1986,0.0188667846200319
NJ,1987,0.0169512594190135
NJ,1988,0.0182414375591618
NJ,1989,0.0147982557818623
NJ,1990,0.0116264831435809
NJ,1991,0.0158058583261975
NJ,1992,0.0163659692692703
NJ,1993,0.0156572407767614
NJ,1994,0.0168184235548178
NJ,1995,0.0178442700962969
NJ,1996,0.0169566218358035
NJ,1997,0.0160857619393606
NJ,1998,0.0161362582911161
NJ,1999,0.015790367044969
NJ,2000,0.0165767767459404
NJ,2001,0.0122430114884899
NJ,2002,0.0115631001247353
NJ,2003,0.0106474290363997
NJ,2004,0.0107703286332048
NJ,2005,0.0110233187328196
NJ,2006,0.0188104449506023
NJ,2007,0.0198206835703317
NJ,2008,0.0195368776810688
NJ,2009,0.0279983119135605
NJ,2010,0.0296483760784368
NJ,2011,0.0308315393877477
NJ,2012,0.0357807199424239
NJ,2013,0.0383888808380034
NJ,2014,0.0401783959237463
NM,1960,0.0224183068142774
NM,1961,0.0203737587631833
NM,1962,0.0180372325026096
NM,1963,0.0174424404856597
NM,1964,0.0171984068269485
NM,1965,0.0171767380314186
NM,1966,0.0164973978742
NM,1967,0.0139239016351634
NM,1968,0.0130753401742462
NM,1969,0.0132367946549628
NM,1970,0.0120913344709823
NM,1971,0.0105713872044696
NM,1972,0.00945544524866865
NM,1973,0.0102428492527072
NM,1974,0.0103186856524329
NM,1975,0.0130583579365097
NM,1976,0.0133196359050713
NM,1977,0.0154741492174236
NM,1978,0.0168034174731143
NM,1979,0.0206315903292279
NM,1980,0.0129387597253814
NM,1981,0.0163456456012009
NM,1982,0.017265274987376
NM,1983,0.0194572441809073
NM,1984,0.0208840478780368
NM,1985,0.0225536831680197
NM,1986,0.0244566173108712
NM,1987,0.0176963081200762
NM,1988,0.0168379392431352
NM,1989,0.0185469587247495
NM,1990,0.0146349478329245
NM,1991,0.0158760867609898
NM,1992,0.0158879524316068
NM,1993,0.0147015344342459
NM,1994,0.0138549721883055
NM,1995,0.0168705717545704
NM,1996,0.0142849560105628
NM,1997,0.0152349889176008
NM,1998,0.015883738107714
NM,1999,0.0160891283394086
NM,2000,0.0161031205379517
NM,2001,0.0120216888015026
NM,2002,0.0124797081012265
NM,2003,0.0133076553598463
NM,2004,0.0171799426992945
NM,2005,0.0345425656538042
NM,2006,0.0408647934423081
NM,2007,0.0440939781875236
NM,2008,0.0536294867028966
NM,2009,0.0510292213581845
NM,2010,0.0592742344937089
NM,2011,0.0625176655325831
NM,2012,0.0660350466588652
NM,2013,0.0675024654721995
NM,2014,0.0689155044055977
NV,1960,0.242537927403166
NV,1961,0.18619428223033
NV,1962,0.192125107188006
NV,1963,0.160503132420757
NV,1964,0.133383171980712
NV,1965,0.134738264929958
NV,1966,0.13542952932168
NV,1967,0.125964556088563
NV,1968,0.117148102815177
NV,1969,0.106050847457627
NV,1970,0.0963671651054295
NV,1971,0.0924846032548868
NV,1972,0.0793623081870808
NV,1973,0.0786245416852277
NV,1974,0.0759790396749011
NV,1975,0.0790708222911933
NV,1976,0.069759635557154
NV,1977,0.0715994079152384
NV,1978,0.0672558343904807
NV,1979,0.0667862731344089
NV,1980,0.0940552599965677
NV,1981,0.0761582694605339
NV,1982,0.0644948985041815
NV,1983,0.156943469889294
NV,1984,0.209781625103133
NV,1985,0.165135523512214
NV,1986,0.172209401991165
NV,1987,0.0877058725669606
NV,1988,0.0690472012633795
NV,1989,0.07866863715222
NV,1990,0.0745967241747173
NV,1991,0.0950288283217515
NV,1992,0.0872675716637061
NV,1993,0.0911962370035333
NV,1994,0.0795294318715907
NV,1995,0.0817704648487986
NV,1996,0.0782528036246537
NV,1997,0.0869504925531723
NV,1998,0.0946064289681372
NV,1999,0.0860860894524531
NV,2000,0.0766430655925604
NV,2001,0.0739502360301939
NV,2002,0.0691154856667187
NV,2003,0.0581374265349506
NV,2004,0.0564540063750601
NV,2005,0.0546839436684236
NV,2006,0.0567100725413248
NV,2007,0.0574373557522558
NV,2008,0.0640622202487951
NV,2009,0.0836304988394448
NV,2010,0.0879532964479774
NV,2011,0.0930317471607748
NV,2012,0.10206354917943
NV,2013,0.114647769449094
NV,2014,0.117090946541947
NY,1960,0.063333871949251
NY,1961,0.0810718739111801
NY,1962,0.0858316713769583
NY,1963,0.0786610450894733
NY,1964,0.0731489321945301
NY,1965,0.0716929761659185
NY,1966,0.0746198764480482
NY,1967,0.0762576171921411
NY,1968,0.0790396119716115
NY,1969,0.0808546650447186
NY,1970,0.0756336497486593
NY,1971,0.0768246287421572
NY,1972,0.081496155932286
NY,1973,0.0825228921627861
NY,1974,0.0879291137106368
NY,1975,0.0904113755801651
NY,1976,0.0872156939966965
NY,1977,0.0815557228276699
NY,1978,0.0845698368916324
NY,1979,0.0927143016790149
NY,1980,0.10474104305432
NY,1981,0.112656949604649
NY,1982,0.112594267194733
NY,1983,0.129958423584516
NY,1984,0.12031485469036
NY,1985,0.118433656887829
NY,1986,0.120721560101971
NY,1987,0.109343451668178
NY,1988,0.0975297988601944
NY,1989,0.100503958346868
NY,1990,0.104657357341761
NY,1991,0.10321907240217
NY,1992,0.105205348284473
NY,1993,0.111467942304397
NY,1994,0.110261196538897
NY,1995,0.104517878855001
NY,1996,0.112671779664393
NY,1997,0.123659609051072
NY,1998,0.117615290578186
NY,1999,0.104244945861179
NY,2000,0.104716481341753
NY,2001,0.0878981430671436
NY,2002,0.0909891323080919
NY,2003,0.0868452126997403
NY,2004,0.0904721053548521
NY,2005,0.0904938646852177
NY,2006,0.104363662089712
NY,2007,0.0985464167282349
NY,2008,0.110123894024482
NY,2009,0.110213779032584
NY,2010,0.106796171257361
NY,2011,0.118748045950656
NY,2012,0.111863098573377
NY,2013,0.112834273265033
NY,2014,0.114932517422357
OH,1960,0.0123413265173261
OH,1961,0.0125592064805423
OH,1962,0.0121766839040458
OH,1963,0.012254450312204
OH,1964,0.0118183940975812
OH,1965,0.0114897301634497
OH,1966,0.0117293464118186
OH,1967,0.0111929496465399
OH,1968,0.0117148313835117
OH,1969,0.0115308277914032
OH,1970,0.0112253475359868
OH,1971,0.0112400903442923
OH,1972,0.0108916647742379
OH,1973,0.0110475092437883
OH,1974,0.0115297222367775
OH,1975,0.0116319822607183
OH,1976,0.012553725660126
OH,1977,0.0139515299719026
OH,1978,0.0162824663708798
OH,1979,0.0174990495379418
OH,1980,0.0271475319977255
OH,1981,0.0293377557705746
OH,1982,0.0325461880777958
OH,1983,0.0383030685361687
OH,1984,0.0351881023551258
OH,1985,0.0362259835391355
OH,1986,0.0333483169835268
OH,1987,0.0338055774228683
OH,1988,0.0342003807209249
OH,1989,0.0283486625276873
OH,1990,0.0212046417524878
OH,1991,0.0226399149397428
OH,1992,0.0220987870351541
OH,1993,0.0171028902267385
OH,1994,0.0237189650052595
OH,1995,0.0217221812713034
OH,1996,0.0208163990505344
OH,1997,0.0211359359048823
OH,1998,0.0214177768419899
OH,1999,0.0224331868351623
OH,2000,0.0235297363494588
OH,2001,0.0172943777453528
OH,2002,0.0141289125627068
OH,2003,0.0160453950284135
OH,2004,0.0166831301447326
OH,2005,0.0181862748993694
OH,2006,0.0195709882315742
OH,2007,0.0202880476523277
OH,2008,0.0286125821880677
OH,2009,0.0307558646077885
OH,2010,0.0310601519033144
OH,2011,0.0331106619891182
OH,2012,0.0367072053577705
OH,2013,0.0397208643696454
OH,2014,0.0397089179892735
OK,1960,0.030554437668328
OK,1961,0.0346092126648425
OK,1962,0.0240532810494507
OK,1963,0.0138303776966962
OK,1964,0.0141572672851731
OK,1965,0.0209430974879897
OK,1966,0.0175233159092769
OK,1967,0.0191256472782229
OK,1968,0.0277442258796755
OK,1969,0.0303862916542595
OK,1970,0.0231320324891685
OK,1971,0.0220753363172984
OK,1972,0.026216012329099
OK,1973,0.0495487448321643
OK,1974,0.0458818610201502
OK,1975,0.0398427740825763
OK,1976,0.0251964563479541
OK,1977,0.0267258815712791
OK,1978,0.0295325279294553
OK,1979,0.0353791126725644
OK,1980,0.0204618592754254
OK,1981,0.0191119964593186
OK,1982,0.0283898179766539
OK,1983,0.0302460135602328
OK,1984,0.030143655661732
OK,1985,0.0440246195930928
OK,1986,0.0377052026915315
OK,1987,0.0365873931860176
OK,1988,0.0287362907059386
OK,1989,0.0379845967201637
OK,1990,0.0360965457494575
OK,1991,0.031316837377798
OK,1992,0.0400556472487531
OK,1993,0.0488904172364997
OK,1994,0.035936604981242
OK,1995,0.0389215062629497
OK,1996,0.0361563887131894
OK,1997,0.0384625034848062
OK,1998,0.042161989152481
OK,1999,0.0389972832101825
OK,2000,0.0321395850668555
OK,2001,0.0323612606407522
OK,2002,0.0282708290008311
OK,2003,0.0284168949066586
OK,2004,0.0423464903901265
OK,2005,0.0428081977296505
OK,2006,0.0346393251722492
OK,2007,0.0517534111156984
OK,2008,0.0548895005978064
OK,2009,0.0612375991249475
OK,2010,0.0657872916811717
OK,2011,0.0683239844260578
OK,2012,0.083178128359262
OK,2013,0.104874827018386
OK,2014,0.101234867750569
OR,1960,0.404617364928588
OR,1961,0.389310774747298
OR,1962,0.387904742091607
OR,1963,0.377795181819561
OR,1964,0.373010646186715
OR,1965,0.389310642554335
OR,1966,0.369021126213223
OR,1967,0.376096063761982
OR,1968,0.392907387138332
OR,1969,0.477759225610721
OR,1970,0.493201954479591
OR,1971,0.526181650257123
OR,1972,0.520542645378308
OR,1973,0.410585732314519
OR,1974,0.51678145605232
OR,1975,0.481044593093211
OR,1976,0.490290582700487
OR,1977,0.370307311832087
OR,1978,0.429620650538646
OR,1979,0.396325196096992
OR,1980,0.424434260827793
OR,1981,0.45662079548153
OR,1982,0.619344791010164
OR,1983,0.661478505090627
OR,1984,0.630525493076851
OR,1985,0.579483150812781
OR,1986,0.59488335062258
OR,1987,0.507257579205005
OR,1988,0.474790310228865
OR,1989,0.481872303304412
OR,1990,0.498276426088734
OR,1991,0.479979994354843
OR,1992,0.375225670724831
OR,1993,0.408928776218944
OR,1994,0.355962500532003
OR,1995,0.448597673159134
OR,1996,0.476653893627605
OR,1997,0.483788497815885
OR,1998,0.411151941983261
OR,1999,0.450776315174167
OR,2000,0.391900249626545
OR,2001,0.34189862299789
OR,2002,0.394217666807653
OR,2003,0.386020755167082
OR,2004,0.387038964909281
OR,2005,0.355151413404037
OR,2006,0.408130181400312
OR,2007,0.377777338648058
OR,2008,0.399321559573044
OR,2009,0.416819157069225
OR,2010,0.409249825909399
OR,2011,0.517782969367845
OR,2012,0.51466908160042
OR,2013,0.468285566512446
OR,2014,0.492535544423565
PA,1960,0.0203160638594436
PA,1961,0.0194252359943225
PA,1962,0.0189709954190361
PA,1963,0.0179265705873091
PA,1964,0.0168801456723976
PA,1965,0.0164132510572082
PA,1966,0.016615058812601
PA,1967,0.0178851626495606
PA,1968,0.0158813905290025
PA,1969,0.0155200347942079
PA,1970,0.0164409810779586
PA,1971,0.0149741432566666
PA,1972,0.016741382953703
PA,1973,0.0165021058690505
PA,1974,0.0174760167571135
PA,1975,0.0188707492273761
PA,1976,0.0194940021317963
PA,1977,0.0204284692263506
PA,1978,0.0219266729393188
PA,1979,0.0251361126724245
PA,1980,0.0342334502837359
PA,1981,0.0387521178745462
PA,1982,0.0444733723096516
PA,1983,0.0494827377949567
PA,1984,0.0421642653143244
PA,1985,0.0431598289072852
PA,1986,0.0346896080039373
PA,1987,0.0304078979184137
PA,1988,0.029126124719325
PA,1989,0.0262317362689557
PA,1990,0.0252639580604325
PA,1991,0.0252582241610723
PA,1992,0.0292685514386053
PA,1993,0.0281533823890757
PA,1994,0.0298397418790377
PA,1995,0.0307516118414185
PA,1996,0.0346594147520914
PA,1997,0.0308685894128573
PA,1998,0.0300545257209336
PA,1999,0.0293712300216624
PA,2000,0.0292072457229683
PA,2001,0.0253397922301839
PA,2002,0.0249310779162296
PA,2003,0.028026663664824
PA,2004,0.0295319068118194
PA,2005,0.0271525407767684
PA,2006,0.030300066683773
PA,2007,0.0301062570810718
PA,2008,0.0367831473516499
PA,2009,0.0450935692112318
PA,2010,0.0471305446288657
PA,2011,0.0531587263833102
PA,2012,0.0522654958047703
PA,2013,0.0567437487571725
PA,2014,0.05507537090954
RI,1960,0.0157729886900562
RI,1961,0.0174129784810053
RI,1962,0.0173542387686728
RI,1963,0.017832723407318
RI,1964,0.0198288199803564
RI,1965,0.020523785920948
RI,1966,0.0215108352775417
RI,1967,0.0214522390451427
RI,1968,0.0215519854501364
RI,1969,0.0210146647050448
RI,1970,0.0236711915128803
RI,1971,0.0205963647479907
RI,1972,0.0208378206021598
RI,1973,0.0220200888045868
RI,1974,0.0232963689573449
RI,1975,0.0196360780206833
RI,1976,0.0218243566129564
RI,1977,0.0237239686010251
RI,1978,0.0309278835302084
RI,1979,0.0353801227676354
RI,1980,0.0392555082691375
RI,1981,0.0379459317555344
RI,1982,0.0346071604175957
RI,1983,0.0408913101131542
RI,1984,0.0257278548503717
RI,1985,0.0248712627024064
RI,1986,0.0225619690445712
RI,1987,0.0152947552237009
RI,1988,0.0157992315339764
RI,1989,0.0175490367856583
RI,1990,0.0211512604251878
RI,1991,0.0210165886661686
RI,1992,0.0197874889104207
RI,1993,0.0256654133662263
RI,1994,0.0211924851598221
RI,1995,0.0222819840134771
RI,1996,0.0254416379255139
RI,1997,0.0200981094738984
RI,1998,0.0186403265277118
RI,1999,0.019613520544528
RI,2000,0.022308649043492
RI,2001,0.0193021896942747
RI,2002,0.0185891182735761
RI,2003,0.0177042747540559
RI,2004,0.0211792525574462
RI,2005,0.00923394426844498
RI,2006,0.0271277989398795
RI,2007,0.0319773009041336
RI,2008,0.0321998519310657
RI,2009,0.0378502300247719
RI,2010,0.035030770963679
RI,2011,0.0354275807485019
RI,2012,0.0316621256369678
RI,2013,0.0286445911681269
RI,2014,0.0364522960593566
SC,1960,0.167518198947915
SC,1961,0.150404580513888
SC,1962,0.135962817764846
SC,1963,0.124438900521228
SC,1964,0.156159208984532
SC,1965,0.139497638246874
SC,1966,0.114049717651181
SC,1967,0.109724412255787
SC,1968,0.106022796559275
SC,1969,0.104757873179633
SC,1970,0.0872421847554124
SC,1971,0.100766315465465
SC,1972,0.0923029205646649
SC,1973,0.0946535305926015
SC,1974,0.093038123563292
SC,1975,0.104407704326609
SC,1976,0.0863989966260514
SC,1977,0.0808468104671851
SC,1978,0.0843221114308177
SC,1979,0.0929593886666897
SC,1980,0.0713238661014249
SC,1981,0.0521893214829478
SC,1982,0.0715502555366269
SC,1983,0.0749136933294257
SC,1984,0.0750671645210489
SC,1985,0.0618708792153125
SC,1986,0.0786999223497134
SC,1987,0.0814280041811468
SC,1988,0.0674254890834961
SC,1989,0.0786891255397196
SC,1990,0.0844182836999717
SC,1991,0.0834459721296483
SC,1992,0.0847087302456154
SC,1993,0.0809022889714528
SC,1994,0.0840718186945403
SC,1995,0.0880355867062388
SC,1996,0.0906464201559068
SC,1997,0.0878928270092771
SC,1998,0.0839355549168602
SC,1999,0.0625503551387883
SC,2000,0.0579348639270368
SC,2001,0.0455896697177776
SC,2002,0.0508138150059547
SC,2003,0.0652077221241495
SC,2004,0.0574714406466238
SC,2005,0.0632040969126289
SC,2006,0.0598490781034522
SC,2007,0.0584462042240293
SC,2008,0.0651000135441999
SC,2009,0.0773237189664852
SC,2010,0.0763939918925101
SC,2011,0.0795658354147405
SC,2012,0.0842878276790743
SC,2013,0.0910895994607836
SC,2014,0.0904370789511576
SD,1960,0.108439905636951
SD,1961,0.103417355026483
SD,1962,0.126227373165342
SD,1963,0.226291507660762
SD,1964,0.233938256153525
SD,1965,0.296901432578856
SD,1966,0.352200699415333
SD,1967,0.360922901607046
SD,1968,0.390399478232513
SD,1969,0.421861800979895
SD,1970,0.415773136025971
SD,1971,0.485070329851115
SD,1972,0.437115691504202
SD,1973,0.291379719781525
SD,1974,0.349828254334189
SD,1975,0.461331355257013
SD,1976,0.382873779055786
SD,1977,0.290028478458407
SD,1978,0.35389274239412
SD,1979,0.330708239057502
SD,1980,0.334255779703035
SD,1981,0.327907262844745
SD,1982,0.315536162207358
SD,1983,0.333148340724057
SD,1984,0.339583653443681
SD,1985,0.308861564988915
SD,1986,0.330534582007002
SD,1987,0.30828831135578
SD,1988,0.288886293062329
SD,1989,0.243779517280284
SD,1990,0.203772386754772
SD,1991,0.206283967550311
SD,1992,0.1936305085059
SD,1993,0.135791453021215
SD,1994,0.245007131158295
SD,1995,0.278879064163655
SD,1996,0.343861756651558
SD,1997,0.396803427253254
SD,1998,0.26343577455985
SD,1999,0.297830214045351
SD,2000,0.244804951744417
SD,2001,0.163177988153457
SD,2002,0.192814556831262
SD,2003,0.207853452598077
SD,2004,0.211655514633529
SD,2005,0.203234089299777
SD,2006,0.232093836600051
SD,2007,0.209334312774145
SD,2008,0.231190870137033
SD,2009,0.291269190331761
SD,2010,0.34386839060114
SD,2011,0.408415462255925
SD,2012,0.386593961963027
SD,2013,0.328005051088371
SD,2014,0.355012160048181
TN,1960,0.144079874023076
TN,1961,0.139697426004925
TN,1962,0.142885554701169
TN,1963,0.119579480865212
TN,1964,0.130040822625508
TN,1965,0.121321289641986
TN,1966,0.104432679247183
TN,1967,0.119165966865847
TN,1968,0.102770890662889
TN,1969,0.0983847666723598
TN,1970,0.101357763607659
TN,1971,0.111652269803345
TN,1972,0.11743694742498
TN,1973,0.110206590116931
TN,1974,0.114294872891315
TN,1975,0.109833056529343
TN,1976,0.0930580158467623
TN,1977,0.0990351901576808
TN,1978,0.0924768215226045
TN,1979,0.115108960559144
TN,1980,0.0929687364131222
TN,1981,0.0807094078581326
TN,1982,0.114236864813961
TN,1983,0.114105904503092
TN,1984,0.116866404850806
TN,1985,0.0972266528314807
TN,1986,0.0920377978877651
TN,1987,0.103057192301494
TN,1988,0.084637806751487
TN,1989,0.112594169176843
TN,1990,0.0920798731279736
TN,1991,0.0996941977982465
TN,1992,0.0921294213555597
TN,1993,0.0814651491922481
TN,1994,0.096506842849422
TN,1995,0.0839690419089658
TN,1996,0.0856352607805398
TN,1997,0.0797870530922709
TN,1998,0.0753294739797118
TN,1999,0.0613514176329367
TN,2000,0.0552292552852623
TN,2001,0.0631757519275994
TN,2002,0.066741884503731
TN,2003,0.0821966101573897
TN,2004,0.0792033154958202
TN,2005,0.0750395947432689
TN,2006,0.0651576857550635
TN,2007,0.0536150822907255
TN,2008,0.0652158308647941
TN,2009,0.0917502678017433
TN,2010,0.0763721185632542
TN,2011,0.0842401911996943
TN,2012,0.0847433844012815
TN,2013,0.102486837095101
TN,2014,0.0854704827314683
TX,1960,0.0112995152168908
TX,1961,0.0116350820659869
TX,1962,0.0102269534582644
TX,1963,0.0086802990860672
TX,1964,0.00870200970736905
TX,1965,0.00933680413475872
TX,1966,0.00929713781227151
TX,1967,0.0084877340482807
TX,1968,0.0100289591993022
TX,1969,0.00965431778339708
TX,1970,0.00905206919480909
TX,1971,0.00834607006939255
TX,1972,0.00884592727930256
TX,1973,0.00945866342940796
TX,1974,0.00945658922327876
TX,1975,0.0100801581959875
TX,1976,0.00967497607842583
TX,1977,0.00972064935717812
TX,1978,0.00939409090198897
TX,1979,0.00962093282332521
TX,1980,0.00699852871295825
TX,1981,0.00769017439430171
TX,1982,0.00950729998119803
TX,1983,0.00925938006537289
TX,1984,0.00987214159487569
TX,1985,0.0106498922569311
TX,1986,0.0125145647554062
TX,1987,0.0130269835022336
TX,1988,0.011358419312219
TX,1989,0.0126059896900769
TX,1990,0.0113818495335677
TX,1991,0.0118584014516922
TX,1992,0.0129856351735748
TX,1993,0.0111145783012669
TX,1994,0.0105674452135221
TX,1995,0.0109883524166268
TX,1996,0.00943868316083158
TX,1997,0.0102854483741441
TX,1998,0.00926944930599232
TX,1999,0.0081416562267431
TX,2000,0.00814057542728739
TX,2001,0.00833203377915526
TX,2002,0.00983032082079978
TX,2003,0.00951443213396486
TX,2004,0.0099433742403896
TX,2005,0.0116705786949225
TX,2006,0.015931200105657
TX,2007,0.0207442809888638
TX,2008,0.0306774228961973
TX,2009,0.0318484500658004
TX,2010,0.038653363703047
TX,2011,0.0430081715912375
TX,2012,0.0434020337822723
TX,2013,0.0435368489759399
TX,2014,0.0470367141418992
US,1960,0.0649567655144185
US,1961,0.0645561250480198
US,1962,0.0651851988152913
US,1963,0.0623511776721549
US,1964,0.0622322027036367
US,1965,0.0628533645761343
US,1966,0.0601911776581267
US,1967,0.0626239211743049
US,1968,0.0604449539965907
US,1969,0.0624253068165856
US,1970,0.0600815501715777
US,1971,0.0616046193361385
US,1972,0.0602710486095599
US,1973,0.0582261560770421
US,1974,0.064124498908497
US,1975,0.0651110173004068
US,1976,0.0621973502169996
US,1977,0.0539691972517775
US,1978,0.062550966600101
US,1979,0.0633370311278667
US,1980,0.0694629264426474
US,1981,0.0711456142408904
US,1982,0.0818646119267465
US,1983,0.08906105951396
US,1984,0.0840832562209016
US,1985,0.0795669971926817
US,1986,0.0797389195419069
US,1987,0.071191173148596
US,1988,0.0659343519443657
US,1989,0.0735486700706001
US,1990,0.0715037751280014
US,1991,0.0718716068415135
US,1992,0.0678569700900435
US,1993,0.069572643921853
US,1994,0.0671958295315336
US,1995,0.0720184504739706
US,1996,0.0745414171197041
US,1997,0.0740165225858351
US,1998,0.0683240101204823
US,1999,0.0674384295446123
US,2000,0.0617994191588049
US,2001,0.0537263574189538
US,2002,0.0586477312932885
US,2003,0.0607227428921664
US,2004,0.060693719400453
US,2005,0.0621404734002368
US,2006,0.0664705061348538
US,2007,0.0642272710167038
US,2008,0.0723055884706412
US,2009,0.08060368439863
US,2010,0.0824213643366721
US,2011,0.0923761765321441
US,2012,0.0917001979167099
US,2013,0.0941682538380559
US,2014,0.0959525827103484
UT,1960,0.0181156314092207
UT,1961,0.015259893503161
UT,1962,0.0199509603332893
UT,1963,0.018274753007045
UT,1964,0.0303410717861808
UT,1965,0.0338735947362065
UT,1966,0.0289951318504669
UT,1967,0.0384219931589968
UT,1968,0.0349838359416453
UT,1969,0.0352588393407504
UT,1970,0.0253863106857251
UT,1971,0.0303825089232815
UT,1972,0.035577414857319
UT,1973,0.032073307921668
UT,1974,0.0262616240407857
UT,1975,0.0292715595414386
UT,1976,0.0293443284746201
UT,1977,0.0240860011560622
UT,1978,0.0236780119320106
UT,1979,0.0258942578334213
UT,1980,0.0258091490213329
UT,1981,0.0258989797625021
UT,1982,0.0358333974704328
UT,1983,0.0430315621709309
UT,1984,0.0433053214620134
UT,1985,0.0374035491514723
UT,1986,0.0488826874965489
UT,1987,0.0308431484056229
UT,1988,0.0223818073010174
UT,1989,0.0217242924866048
UT,1990,0.0201154412464519
UT,1991,0.02220167166776
UT,1992,0.0224818904945943
UT,1993,0.0253490405172638
UT,1994,0.0235015206465854
UT,1995,0.0243859192146796
UT,1996,0.0258580985086136
UT,1997,0.0299713551230261
UT,1998,0.0291601579141697
UT,1999,0.0305723938682471
UT,2000,0.0221920369511012
UT,2001,0.0171102715239823
UT,2002,0.0163057920485122
UT,2003,0.0150511912188031
UT,2004,0.0146825630686872
UT,2005,0.0207312099564537
UT,2006,0.0192802799268081
UT,2007,0.018124715241552
UT,2008,0.0230810367014376
UT,2009,0.0273563271016837
UT,2010,0.0296609048533621
UT,2011,0.038940480418307
UT,2012,0.0349805227841661
UT,2013,0.0297919362053127
UT,2014,0.0365428354814253
VA,1960,0.0818724989634683
VA,1961,0.0777525970766727
VA,1962,0.0765750220917773
VA,1963,0.0683812975283907
VA,1964,0.0655849990045687
VA,1965,0.0606377192823149
VA,1966,0.057341205011257
VA,1967,0.054320709737612
VA,1968,0.0533279556962871
VA,1969,0.0518556296079569
VA,1970,0.0490282461052054
VA,1971,0.0501838299236701
VA,1972,0.0512464457629423
VA,1973,0.0482276441798499
VA,1974,0.0478032287885605
VA,1975,0.0491944402137564
VA,1976,0.0526643106408293
VA,1977,0.0496528144533602
VA,1978,0.0570154164744639
VA,1979,0.0606804967613607
VA,1980,0.0558927384051846
VA,1981,0.0523445083498967
VA,1982,0.0623592796182264
VA,1983,0.061555885910422
VA,1984,0.0633047406931384
VA,1985,0.0610000700304004
VA,1986,0.0492122824969751
VA,1987,0.047669955991967
VA,1988,0.0418463046386006
VA,1989,0.0502329458027013
VA,1990,0.0539169704321363
VA,1991,0.0546036207911347
VA,1992,0.0555485140856395
VA,1993,0.0576873995388534
VA,1994,0.0590321474611302
VA,1995,0.0586331687238975
VA,1996,0.0631783210658227
VA,1997,0.0571286848586632
VA,1998,0.0565101416338186
VA,1999,0.0536411116351377
VA,2000,0.0490413567934146
VA,2001,0.0411810538912876
VA,2002,0.0348920140568843
VA,2003,0.0457291639188583
VA,2004,0.0462546300307904
VA,2005,0.0504820767320553
VA,2006,0.0518895188063868
VA,2007,0.0512926490229503
VA,2008,0.0552894413801391
VA,2009,0.059586599556116
VA,2010,0.0549586044713614
VA,2011,0.0548623600437142
VA,2012,0.0558810328733039
VA,2013,0.0608603850854657
VA,2014,0.0668062982340996
VT,1960,0.252791952179618
VT,1961,0.213508745120376
VT,1962,0.209579557907679
VT,1963,0.18752763670959
VT,1964,0.187273710932623
VT,1965,0.173203715289475
VT,1966,0.171040624484635
VT,1967,0.16038873144114
VT,1968,0.150109452736318
VT,1969,0.151126246564033
VT,1970,0.129974388412965
VT,1971,0.124758501598591
VT,1972,0.128744109482926
VT,1973,0.135624184428012
VT,1974,0.138076817746132
VT,1975,0.143050746686252
VT,1976,0.146612548365071
VT,1977,0.149768463042991
VT,1978,0.15243816306958
VT,1979,0.169504385565571
VT,1980,0.181859367176137
VT,1981,0.205695678112157
VT,1982,0.196832205906616
VT,1983,0.215352175499777
VT,1984,0.195996657608082
VT,1985,0.199861754234706
VT,1986,0.186092379653089
VT,1987,0.168202145064534
VT,1988,0.150062572165412
VT,1989,0.140443683612331
VT,1990,0.154445571867965
VT,1991,0.130549228425324
VT,1992,0.115782548025826
VT,1993,0.133697445108317
VT,1994,0.140182175073333
VT,1995,0.143821944740436
VT,1996,0.156119920890482
VT,1997,0.137716076655437
VT,1998,0.148813977027681
VT,1999,0.154521614453714
VT,2000,0.144998373013721
VT,2001,0.117318738118273
VT,2002,0.153028363538368
VT,2003,0.159241066108809
VT,2004,0.136796112286886
VT,2005,0.153390907895314
VT,2006,0.177799494136583
VT,2007,0.122658559570376
VT,2008,0.196619745218584
VT,2009,0.218049187958706
VT,2010,0.211624169632459
VT,2011,0.210712742980562
VT,2012,0.215915713277919
VT,2013,0.26220305830855
VT,2014,0.252893199997141
WA,1960,0.530304982126179
WA,1961,0.553508232876613
WA,1962,0.554219136767768
WA,1963,0.570990159362152
WA,1964,0.579665332280801
WA,1965,0.583569575666956
WA,1966,0.582846561625959
WA,1967,0.609332959490135
WA,1968,0.608346278424114
WA,1969,0.596238919277564
WA,1970,0.615163325766017
WA,1971,0.618680904408492
WA,1972,0.584344212075294
WA,1973,0.522658874369901
WA,1974,0.620066280387992
WA,1975,0.641453251697993
WA,1976,0.697543771172241
WA,1977,0.507325228880607
WA,1978,0.62006668394914
WA,1979,0.539993584574199
WA,1980,0.581367559275625
WA,1981,0.609717360503101
WA,1982,0.604440431524762
WA,1983,0.618384947923878
WA,1984,0.56916375720794
WA,1985,0.531859286460514
WA,1986,0.536227640242446
WA,1987,0.469886478172384
WA,1988,0.428915308862658
WA,1989,0.42509033922846
WA,1990,0.490927845428644
WA,1991,0.494743088999093
WA,1992,0.389245319436402
WA,1993,0.385309334975072
WA,1994,0.379029339831953
WA,1995,0.447443840110998
WA,1996,0.530051412212501
WA,1997,0.546710599741092
WA,1998,0.412137239225655
WA,1999,0.475343155265865
WA,2000,0.412161028656025
WA,2001,0.331844213796597
WA,2002,0.483849362507607
WA,2003,0.449044464348635
WA,2004,0.426924357297249
WA,2005,0.41814814434788
WA,2006,0.455378212074228
WA,2007,0.435819027068271
WA,2008,0.439106191744341
WA,2009,0.419507750019435
WA,2010,0.408158694278114
WA,2011,0.519136932361638
WA,2012,0.504976862021857
WA,2013,0.458339574200183
WA,2014,0.471157454418395
WI,1960,0.076012191340872
WI,1961,0.0690916385428741
WI,1962,0.0671883167799268
WI,1963,0.0586053554452982
WI,1964,0.0563831510982306
WI,1965,0.0598451534544594
WI,1966,0.0557460794096914
WI,1967,0.053646555181123
WI,1968,0.0555908821833038
WI,1969,0.0503062236369724
WI,1970,0.0452352601223329
WI,1971,0.0477809497887503
WI,1972,0.0509766921759793
WI,1973,0.0500648159905035
WI,1974,0.0489054206532448
WI,1975,0.0492272087493844
WI,1976,0.0506620954023256
WI,1977,0.0518128734666746
WI,1978,0.060439106819232
WI,1979,0.0632123435447535
WI,1980,0.127925694480015
WI,1981,0.138337245974388
WI,1982,0.139149811694183
WI,1983,0.153277167008904
WI,1984,0.144833408276252
WI,1985,0.145114879365676
WI,1986,0.113510461454293
WI,1987,0.108906089434768
WI,1988,0.104171977453352
WI,1989,0.0818458012629902
WI,1990,0.0695373694242206
WI,1991,0.072051345896784
WI,1992,0.0724510040052581
WI,1993,0.0666969990478069
WI,1994,0.0661083854683839
WI,1995,0.0672608875389104
WI,1996,0.072767543837254
WI,1997,0.0725750245460881
WI,1998,0.0632901693794946
WI,1999,0.0631655381901543
WI,2000,0.0617466504159098
WI,2001,0.0694016604483156
WI,2002,0.0586164829158813
WI,2003,0.0633984987232072
WI,2004,0.057478208793511
WI,2005,0.0734485385769951
WI,2006,0.0746608275004701
WI,2007,0.0741520647311165
WI,2008,0.0839865456116319
WI,2009,0.086628600695975
WI,2010,0.0949967033255378
WI,2011,0.0954782235050489
WI,2012,0.0951442978769627
WI,2013,0.0933856753230568
WI,2014,0.0947900519405608
WV,1960,0.0379624161725329
WV,1961,0.0364777528249219
WV,1962,0.0361891065533437
WV,1963,0.030487062316605
WV,1964,0.0297131948472992
WV,1965,0.0272625170887981
WV,1966,0.0260465731023554
WV,1967,0.0303715107092993
WV,1968,0.0267155578837087
WV,1969,0.0268981522739168
WV,1970,0.0265789748145616
WV,1971,0.0285793078679357
WV,1972,0.0298777678336658
WV,1973,0.0286431364760513
WV,1974,0.0282454871244814
WV,1975,0.0288405219580384
WV,1976,0.0299440016448761
WV,1977,0.0296628413147762
WV,1978,0.0337333171590338
WV,1979,0.0411090898720552
WV,1980,0.0297035730274664
WV,1981,0.0286025616715543
WV,1982,0.0361678328735787
WV,1983,0.0343002537066096
WV,1984,0.0356882160210404
WV,1985,0.0376406452853777
WV,1986,0.0469990530175528
WV,1987,0.0418238172249731
WV,1988,0.0399293227867959
WV,1989,0.0341930459847648
WV,1990,0.0262757850302401
WV,1991,0.0243248013598157
WV,1992,0.0274245925503649
WV,1993,0.0262702784784498
WV,1994,0.0255850758696634
WV,1995,0.0264687182955698
WV,1996,0.0310007786738931
WV,1997,0.0248036384495154
WV,1998,0.0220070900424534
WV,1999,0.0206056187529218
WV,2000,0.0235732547558175
WV,2001,0.0206975334927446
WV,2002,0.0214244209080584
WV,2003,0.0297692974070139
WV,2004,0.0281907187730391
WV,2005,0.0389423050851134
WV,2006,0.0378890445782848
WV,2007,0.0339116489653226
WV,2008,0.0431636797226894
WV,2009,0.071954197068669
WV,2010,0.0652431373769831
WV,2011,0.0693407091159662
WV,2012,0.06971851009383
WV,2013,0.0806697578844881
WV,2014,0.0741942938499911
WY,1960,0.0577680092157431
WY,1961,0.0535084825788592
WY,1962,0.0676800036876556
WY,1963,0.0651694614225695
WY,1964,0.0648950416103607
WY,1965,0.0624323933477947
WY,1966,0.0615352223490431
WY,1967,0.0469886975635671
WY,1968,0.0512356841470765
WY,1969,0.0518464718699369
WY,1970,0.0474671655108718
WY,1971,0.0570976331911882
WY,1972,0.0470212662145302
WY,1973,0.0494551609831788
WY,1974,0.0580626658062666
WY,1975,0.0476743180114193
WY,1976,0.0417722319695572
WY,1977,0.0305425865762612
WY,1978,0.035996584635934
WY,1979,0.0367460726412726
WY,1980,0.0393236877616405
WY,1981,0.0343581751204307
WY,1982,0.0336769891786919
WY,1983,0.0479145917846819
WY,1984,0.0489400449591668
WY,1985,0.0419698021131805
WY,1986,0.0483030119083751
WY,1987,0.0305499989008815
WY,1988,0.0307416396979504
WY,1989,0.0274070449841837
WY,1990,0.0238564357798969
WY,1991,0.02775417509926
WY,1992,0.0219656167661546
WY,1993,0.02639248664907
WY,1994,0.0302558376430027
WY,1995,0.0272014753342554
WY,1996,0.0359094476247334
WY,1997,0.039229104718577
WY,1998,0.0373569905443976
WY,1999,0.033280052653848
WY,2000,0.0350635001833645
WY,2001,0.0334235666247808
WY,2002,0.0279723626220871
WY,2003,0.0252178794440146
WY,2004,0.0311311064820053
WY,2005,0.0422535211267606
WY,2006,0.04062526017817
WY,2007,0.0360646597648389
WY,2008,0.0416173808086904
WY,2009,0.066695277332723
WY,2010,0.084421667697298
WY,2011,0.110229486046127
WY,2012,0.0998215136082242
WY,2013,0.101007890256072
WY,2014,0.103448018341635
